year,party,votes,national_share
2019,Conservative Party of Canada,6239227,0.343364052814173
2019,Liberal Party of Canada,6018728,0.33122930755142294
2019,New Democratic Party,2903722,0.15980084618906734
2019,Bloc Québécois,1387030,0.07633257167511975
2019,Green Party of Canada,1189607,0.06546777041067907
2019,People's Party of Canada,294092,0.01618479677373908
2019,Others,138474,0.007620654585798817
